Name,Type,Adr [Hex],Size [B],Region
ucHeap,OBJECT,0x200009C8,34816.0,DSRAM 1 (system)
ETH_0_rx_buf,OBJECT,0x300017D0,6096.0,DSRAM 2 (comm)
ETH_0_tx_buf,OBJECT,0x30000000,6096.0,DSRAM 2 (comm)
xProcessReceivedTCPPacket,FUNC,0x0800792D,2588.0,FLASH 1 (cached)
xNetworkBufferDescriptors,OBJECT,0x2000931C,2160.0,DSRAM 1 (system)
prvIPTask,FUNC,0x0800529D,1168.0,FLASH 1 (cached)
UART_isr_entry,FUNC,0x08009989,772.0,FLASH 1 (cached)
prvTCPPrepareSend,FUNC,0x080072A1,768.0,FLASH 1 (cached)
SystemInit,FUNC,0x080009DD,760.0,FLASH 1 (cached)
SPI_Master_init,FUNC,0x08009CD5,748.0,FLASH 1 (cached)
CAN_node_init,FUNC,0x0800AD05,728.0,FLASH 1 (cached)
SPI_isr_entry,FUNC,0x0800A241,722.0,FLASH 1 (cached)
xTCPSocketCheck,FUNC,0x080075CD,672.0,FLASH 1 (cached)
FreeRTOS_setsockopt,FUNC,0x08005D85,632.0,FLASH 1 (cached)
_printf_i,FUNC,0x0800BE55,564.0,FLASH 1 (cached)
prvTimerTask,FUNC,0x08003C2D,536.0,FLASH 1 (cached)
logger,OBJECT,0x20009C34,528.0,DSRAM 1 (system)
__Xmc4500_interrupt_vecto,OBJECT,0x08000000,512.0,FLASH 1 (cached)
UART_init,FUNC,0x0800954D,512.0,FLASH 1 (cached)
xTaskCreate,FUNC,0x08002D55,504.0,FLASH 1 (cached)
prvTCPReturnPacket.constp,FUNC,0x08006EB9,500.0,FLASH 1 (cached)
_svfprintf_r,FUNC,0x0800BB85,484.0,FLASH 1 (cached)
_svfiprintf_r,FUNC,0x0800BB85,484.0,FLASH 1 (cached)
prvProcessDHCPReplies,FUNC,0x080047B5,476.0,FLASH 1 (cached)
FreeRTOS_send,FUNC,0x08006479,470.0,FLASH 1 (cached)
vTCPStateChange,FUNC,0x080070CD,466.0,FLASH 1 (cached)
vDHCPProcess,FUNC,0x08004B39,460.0,FLASH 1 (cached)
FreeRTOS_recv,FUNC,0x080062D5,418.0,FLASH 1 (cached)
xQueueSemaphoreTake,FUNC,0x08002915,416.0,FLASH 1 (cached)
_ZL12sg_gpio_pins,OBJECT,0x0800C704,400.0,FLASH 1 (cached)
xQueueGenericSend,FUNC,0x08002491,400.0,FLASH 1 (cached)
CCU8_compare_channel_init,FUNC,0x0800A9AD,380.0,FLASH 1 (cached)
vSocketSelect,FUNC,0x08006A85,376.0,FLASH 1 (cached)
FreeRTOS_IPInit,FUNC,0x08004E2D,372.0,FLASH 1 (cached)
CCU4_compare_channel_init,FUNC,0x0800A699,372.0,FLASH 1 (cached)
xTaskResumeAll,FUNC,0x08003239,372.0,FLASH 1 (cached)
lTCPWindowRxCheck,FUNC,0x08008739,364.0,FLASH 1 (cached)
CCU4_capture_channel_init,FUNC,0x0800A80D,360.0,FLASH 1 (cached)
vARPRefreshCacheEntry,FUNC,0x080043E9,360.0,FLASH 1 (cached)
VADC_background_request_i,FUNC,0x08009319,352.0,FLASH 1 (cached)
xQueueReceive,FUNC,0x080027B5,352.0,FLASH 1 (cached)
xNetworkInterfaceInitiali,FUNC,0x08008E3D,348.0,FLASH 1 (cached)
vTCPNetStat,FUNC,0x0800692D,344.0,FLASH 1 (cached)
xTaskIncrementTick,FUNC,0x080030E9,336.0,FLASH 1 (cached)
FreeRTOS_socket,FUNC,0x08005811,332.0,FLASH 1 (cached)
pvPortMalloc,FUNC,0x08004229,324.0,FLASH 1 (cached)
ulTCPWindowTxGet,FUNC,0x080089F5,282.0,FLASH 1 (cached)
xPortStartScheduler,FUNC,0x08004069,276.0,FLASH 1 (cached)
prvEMACHandlerTask,FUNC,0x08008D2D,272.0,FLASH 1 (cached)
xEventGroupWaitBits,FUNC,0x08001F75,272.0,FLASH 1 (cached)
FreeRTOS_recvfrom,FUNC,0x0800595D,266.0,FLASH 1 (cached)
init_user_before_main,FUNC,0x0800B809,264.0,FLASH 1 (cached)
prvTCPWindowTxCheckAck,FUNC,0x08008439,260.0,FLASH 1 (cached)
lTCPAddRxdata,FUNC,0x080067FD,260.0,FLASH 1 (cached)
vTaskDelete,FUNC,0x08002F4D,256.0,FLASH 1 (cached)
vSocketBind,FUNC,0x08005BA9,256.0,FLASH 1 (cached)
usGenerateChecksum,FUNC,0x0800507D,256.0,FLASH 1 (cached)
FreeRTOS_accept,FUNC,0x080061DD,246.0,FLASH 1 (cached)
usGenerateProtocolChecksu,FUNC,0x0800517D,244.0,FLASH 1 (cached)
UART_abort,FUNC,0x08009895,242.0,FLASH 1 (cached)
_ZN12ClientTask__11client,FUNC,0x0800B1C1,236.0,FLASH 1 (cached)
XMC_VADC_GLOBAL_Backgroun,FUNC,0x08001DB9,236.0,FLASH 1 (cached)
_printf_common,FUNC,0x0800BD69,234.0,FLASH 1 (cached)
FreeRTOS_connect,FUNC,0x080060F5,232.0,FLASH 1 (cached)
vProcessGeneratedUDPPacke,FUNC,0x08008BA1,232.0,FLASH 1 (cached)
XMC_VADC_GROUP_Init,FUNC,0x08001CC5,228.0,FLASH 1 (cached)
lTCPWindowTxAdd,FUNC,0x080088A5,228.0,FLASH 1 (cached)
FreeRTOS_sendto,FUNC,0x08005AC9,222.0,FLASH 1 (cached)
_ZN8LedTask_11xvTaskEntry,FUNC,0x0800B335,220.0,FLASH 1 (cached)
_ZN12ServerTask__19server,FUNC,0x0800B585,220.0,FLASH 1 (cached)
__Xmc4500_Program_Loader,FUNC,0x0800021D,212.0,FLASH 1 (cached)
uxStreamBufferAdd,FUNC,0x08006C31,208.0,FLASH 1 (cached)
eARPProcessPacket,FUNC,0x08004551,204.0,FLASH 1 (cached)
pxReadyTasksLists,OBJECT,0x2000083C,200.0,DSRAM 1 (system)
_ZL16sg_eth_gpio_pins,OBJECT,0x0800C63C,200.0,FLASH 1 (cached)
SPI_Master_receive,FUNC,0x0800A175,200.0,FLASH 1 (cached)
vTCPWindowCreate,FUNC,0x08008671,200.0,FLASH 1 (cached)
xQueueGenericSendFromISR,FUNC,0x08002645,194.0,FLASH 1 (cached)
_ZN12ServerTask__11server,FUNC,0x0800B4C5,192.0,FLASH 1 (cached)
prvTCPHandleFin.isra.4,FUNC,0x0800786D,190.0,FLASH 1 (cached)
main,FUNC,0x0800B6B9,188.0,FLASH 1 (cached)
xNetworkInterfaceOutput,FUNC,0x08008F99,188.0,FLASH 1 (cached)
xTaskPriorityDisinherit,FUNC,0x080038B5,180.0,FLASH 1 (cached)
vTaskPriorityDisinheritAf,FUNC,0x08003969,180.0,FLASH 1 (cached)
__ssputs_r,FUNC,0x0800BAD1,178.0,FLASH 1 (cached)
_malloc_r,FUNC,0x0800C131,172.0,FLASH 1 (cached)
xQueueGiveFromISR,FUNC,0x08002709,172.0,FLASH 1 (cached)
prvTCPNextTimeout,FUNC,0x08006E11,168.0,FLASH 1 (cached)
vSocketClose,FUNC,0x08005CDD,168.0,FLASH 1 (cached)
pxGetNetworkBufferWithDes,FUNC,0x08009259,168.0,FLASH 1 (cached)
_ZN11GPIO_Pins__4initEv,FUNC,0x0800A5A5,164.0,FLASH 1 (cached)
xProcessReceivedUDPPacket,FUNC,0x08008C89,162.0,FLASH 1 (cached)
prvCreatePartDHCPMessage.,FUNC,0x080049F9,160.0,FLASH 1 (cached)
XMC_CAN_NODE_NominalBitTi,FUNC,0x08000DF5,160.0,FLASH 1 (cached)
xQueueReceiveFromISR,FUNC,0x08002AB5,160.0,FLASH 1 (cached)
vTaskDelayUntil,FUNC,0x080033AD,156.0,FLASH 1 (cached)
prvUnlockQueue,FUNC,0x080022E5,152.0,FLASH 1 (cached)
FreeRTOS_inet_addr,FUNC,0x08006025,152.0,FLASH 1 (cached)
xTaskCheckForTimeOut,FUNC,0x0800374D,152.0,FLASH 1 (cached)
xTaskPriorityInherit,FUNC,0x0800381D,152.0,FLASH 1 (cached)
XMC_ETH_MAC_SetManagmentC,FUNC,0x08001531,148.0,FLASH 1 (cached)
xEventGroupSetBits,FUNC,0x080020CD,148.0,FLASH 1 (cached)
prvAddCurrentTaskToDelaye,FUNC,0x08002CC5,144.0,FLASH 1 (cached)
initialize_ethernet_mac,FUNC,0x08009055,144.0,FLASH 1 (cached)
eARPGetCacheEntry,FUNC,0x0800461D,144.0,FLASH 1 (cached)
SPI_Master_transmit,FUNC,0x0800A0E5,144.0,FLASH 1 (cached)
XMC_CAN_MO_Config,FUNC,0x08000F29,144.0,FLASH 1 (cached)
xQueueGenericReset,FUNC,0x0800237D,144.0,FLASH 1 (cached)
XMC_ETH_PHY_Init,FUNC,0x08001779,144.0,FLASH 1 (cached)
FreeRTOS_listen,FUNC,0x08006651,142.0,FLASH 1 (cached)
prvSwitchTimerLists,FUNC,0x08003BA1,140.0,FLASH 1 (cached)
vTaskRemoveFromUnorderedE,FUNC,0x08003671,140.0,FLASH 1 (cached)
XMC_GPIO_Init,FUNC,0x08000CD5,140.0,FLASH 1 (cached)
xTCPTimerCheck,FUNC,0x08006729,140.0,FLASH 1 (cached)
xTaskRemoveFromEventList,FUNC,0x080035E9,136.0,FLASH 1 (cached)
_free_r,FUNC,0x0800C0A9,136.0,FLASH 1 (cached)
vTaskSwitchContext,FUNC,0x08003495,136.0,FLASH 1 (cached)
uxStreamBufferGet,FUNC,0x08006D01,134.0,FLASH 1 (cached)
xTCPWindowNew,FUNC,0x0800853D,132.0,FLASH 1 (cached)
XMC_USIC_CH_SetBaudrate,FUNC,0x08001AE1,132.0,FLASH 1 (cached)
SystemCoreClockUpdate,FUNC,0x08000959,132.0,FLASH 1 (cached)
ETH_0_rx_desc,OBJECT,0x30003020,128.0,DSRAM 2 (comm)
ETH_0_tx_desc,OBJECT,0x30002FA0,128.0,DSRAM 2 (comm)
VADC_Group0_Channel_Confi,OBJECT,0x20009F8C,128.0,DSRAM 1 (system)
vTaskStartScheduler,FUNC,0x0800304D,128.0,FLASH 1 (cached)
vPortFree,FUNC,0x0800436D,124.0,FLASH 1 (cached)
ulTCPWindowTxSack,FUNC,0x08008B25,124.0,FLASH 1 (cached)
UART_receive,FUNC,0x0800981D,120.0,FLASH 1 (cached)
xNetworkBuffersInitialise,FUNC,0x08009189,120.0,FLASH 1 (cached)
XMC_CCU8_SLICE_ConfigureE,FUNC,0x08001319,118.0,FLASH 1 (cached)
XMC_CCU4_SLICE_ConfigureE,FUNC,0x080011AD,118.0,FLASH 1 (cached)
prvCopyDataToQueue,FUNC,0x08002249,116.0,FLASH 1 (cached)
XMC_ETH_MAC_InitEx,FUNC,0x08001491,116.0,FLASH 1 (cached)
node_transfer.part.2,FUNC,0x0800AC45,114.0,FLASH 1 (cached)
prvIdleTask,FUNC,0x08002C3D,112.0,FLASH 1 (cached)
XMC_USIC_CH_Enable,FUNC,0x08001A71,112.0,FLASH 1 (cached)
XMC_VADC_GROUP_ChannelIni,FUNC,0x08001EA5,112.0,FLASH 1 (cached)
XMC_CCU4_Init,FUNC,0x08001099,112.0,FLASH 1 (cached)
vDNSCheckCallBack,FUNC,0x08004D11,108.0,FLASH 1 (cached)
prvCreateDHCPSocket,FUNC,0x08004991,104.0,FLASH 1 (cached)
xSendEventStructToIPTask,FUNC,0x08004FA1,104.0,FLASH 1 (cached)
xTimerGenericCommand,FUNC,0x08003B39,104.0,FLASH 1 (cached)
vARPAgeCache,FUNC,0x0800473D,104.0,FLASH 1 (cached)
SPI_Master_set_slave,FUNC,0x08009FC1,104.0,FLASH 1 (cached)
UART_set_baud,FUNC,0x0800974D,102.0,FLASH 1 (cached)
UART_transmit,FUNC,0x080097B5,102.0,FLASH 1 (cached)
PendSV_Handler,FUNC,0x08003F91,100.0,FLASH 1 (cached)
snprintf,FUNC,0x0800BA6D,100.0,FLASH 1 (cached)
sniprintf,FUNC,0x0800BA6D,100.0,FLASH 1 (cached)
XMC_UART_CH_Init,FUNC,0x0800196D,100.0,FLASH 1 (cached)
impure_data,OBJECT,0x2000A480,96.0,DSRAM 1 (system)
XMC_CCU4_EnableModule,FUNC,0x08001039,96.0,FLASH 1 (cached)
FreeRTOS_bind,FUNC,0x08005A69,96.0,FLASH 1 (cached)
CAN_ISR_Handler_Entry,FUNC,0x0800B021,96.0,FLASH 1 (cached)
ETH0_0_IRQHandler,FUNC,0x08009129,96.0,FLASH 1 (cached)
xTCPWindowTxHasData,FUNC,0x08008995,96.0,FLASH 1 (cached)
prvCheckForValidListAndQu,FUNC,0x08003A4D,92.0,FLASH 1 (cached)
vPortValidateInterruptPri,FUNC,0x0800417D,92.0,FLASH 1 (cached)
vARPGenerateRequestPacket,FUNC,0x080046BD,92.0,FLASH 1 (cached)
vTaskPlaceOnUnorderedEven,FUNC,0x08003551,88.0,FLASH 1 (cached)
CCU40_0_IRQHandler,FUNC,0x0800AB39,84.0,FLASH 1 (cached)
XMC_ETH_MAC_InitTxDescrip,FUNC,0x0800143D,84.0,FLASH 1 (cached)
XMC_ETH_MAC_InitRxDescrip,FUNC,0x080013E9,84.0,FLASH 1 (cached)
prvIPTimerCheck,FUNC,0x08004D7D,82.0,FLASH 1 (cached)
prvTCPAddTxData,FUNC,0x08006D89,82.0,FLASH 1 (cached)
prvTCPWindowTxHasSpace,FUNC,0x080083A1,82.0,FLASH 1 (cached)
prvInsertBlockIntoFreeLis,FUNC,0x080041D9,80.0,FLASH 1 (cached)
vTCPWindowInit,FUNC,0x08008621,78.0,FLASH 1 (cached)
prvSendDHCPRequest,FUNC,0x08004A99,76.0,FLASH 1 (cached)
_realloc_r,FUNC,0x0800C1DD,76.0,FLASH 1 (cached)
__libc_init_array,FUNC,0x0800B9E9,76.0,FLASH 1 (cached)
vQueueDelete,FUNC,0x08002B7D,76.0,FLASH 1 (cached)
XMC_SPI_CH_Init,FUNC,0x08001891,76.0,FLASH 1 (cached)
vEventGroupDelete,FUNC,0x08002161,76.0,FLASH 1 (cached)
xTimerCreateTimerTask,FUNC,0x08003AED,76.0,FLASH 1 (cached)
vReleaseNetworkBufferAndD,FUNC,0x0800920D,76.0,FLASH 1 (cached)
vTaskDelay,FUNC,0x08003449,76.0,FLASH 1 (cached)
CCU40_1_IRQHandler,FUNC,0x0800AB8D,76.0,FLASH 1 (cached)
CAN_module_init,FUNC,0x0800ACB9,74.0,FLASH 1 (cached)
xARPCache,OBJECT,0x200091D4,72.0,DSRAM 1 (system)
XMC_CCU8_Init,FUNC,0x08001269,72.0,FLASH 1 (cached)
pxTCPSocketLookup,FUNC,0x080067B5,72.0,FLASH 1 (cached)
xQueueGenericCreate,FUNC,0x0800240D,72.0,FLASH 1 (cached)
vQueueWaitForMessageRestr,FUNC,0x08002BF5,70.0,FLASH 1 (cached)
xEventGroupClearBits,FUNC,0x08002085,70.0,FLASH 1 (cached)
vTCPWindowDestroy,FUNC,0x080085D9,70.0,FLASH 1 (cached)
XMC_CAN_InitEx,FUNC,0x08000EE1,70.0,FLASH 1 (cached)
FreeRTOS_shutdown,FUNC,0x080066E1,70.0,FLASH 1 (cached)
prvInsertTimerInActiveLis,FUNC,0x08003AA9,68.0,FLASH 1 (cached)
vTCPWindowFree,FUNC,0x080083F5,68.0,FLASH 1 (cached)
xTCPCheckNewClient,FUNC,0x0800835D,68.0,FLASH 1 (cached)
vPortEnterCritical,FUNC,0x08003F21,68.0,FLASH 1 (cached)
CAN_callback_handler,FUNC,0x0800B94D,66.0,FLASH 1 (cached)
CCU4_module_init,FUNC,0x0800A655,66.0,FLASH 1 (cached)
CAN_node_transmit,FUNC,0x0800AFDD,66.0,FLASH 1 (cached)
prvTaskExitError,FUNC,0x08003E45,64.0,FLASH 1 (cached)
prvSendDHCPDiscover,FUNC,0x08004AE5,64.0,FLASH 1 (cached)
SPI_Master_set_mode,FUNC,0x0800A05D,64.0,FLASH 1 (cached)
VADC_isr_entry,FUNC,0x080094E1,64.0,FLASH 1 (cached)
xQueueRegistry,OBJECT,0x20009E50,64.0,DSRAM 1 (system)
_sbrk,FUNC,0x08001F15,64.0,FLASH 1 (cached)
CAN0_6_IRQHandler,FUNC,0x0800B151,64.0,FLASH 1 (cached)
vTaskPlaceOnEventListRest,FUNC,0x080035A9,64.0,FLASH 1 (cached)
CCU80_2_IRQHandler,FUNC,0x2000A525,64.0,DSRAM 1 (system)
vApplicationIPNetworkEven,FUNC,0x080090E5,64.0,FLASH 1 (cached)
CAN0_3_IRQHandler,FUNC,0x0800B0B1,64.0,FLASH 1 (cached)
CCU80_0_IRQHandler,FUNC,0x2000A4E5,64.0,DSRAM 1 (system)
vPortSetupTimerInterrupt,FUNC,0x0800402D,60.0,FLASH 1 (cached)
XMC_VADC_GLOBAL_StartupCa,FUNC,0x08001C69,60.0,FLASH 1 (cached)
XMC_ETH_MAC_ReadPhy,FUNC,0x080015F5,60.0,FLASH 1 (cached)
ITM_init,FUNC,0x080002F5,60.0,FLASH 1 (cached)
xQueueCreateCountingSemap,FUNC,0x08002455,60.0,FLASH 1 (cached)
XMC_ETH_MAC_WritePhy,FUNC,0x08001631,58.0,FLASH 1 (cached)
XMC_CCU8_SLICE_CompareIni,FUNC,0x080012C1,58.0,FLASH 1 (cached)
vIPNetworkUpCalls,FUNC,0x08005045,56.0,FLASH 1 (cached)
XMC_ETH_MAC_ReturnTxDescr,FUNC,0x08001711,56.0,FLASH 1 (cached)
vIPReloadDHCPTimer,FUNC,0x0800574D,56.0,FLASH 1 (cached)
XMC_CCU8_SLICE_SetInterru,FUNC,0x080013A1,56.0,FLASH 1 (cached)
XMC_CAN_MO_ReceiveData,FUNC,0x08000FE9,56.0,FLASH 1 (cached)
XMC_CCU4_SLICE_SetInterru,FUNC,0x08001231,56.0,FLASH 1 (cached)
CCU40_3_IRQHandler,FUNC,0x0800ABD9,56.0,FLASH 1 (cached)
vTaskSetTimeOutState,FUNC,0x080036FD,56.0,FLASH 1 (cached)
pxListFindListItemWithVal,FUNC,0x080057BD,54.0,FLASH 1 (cached)
memmove,FUNC,0x0800BA35,54.0,FLASH 1 (cached)
vSocketWakeUpUser,FUNC,0x080060BD,54.0,FLASH 1 (cached)
XMC_CAN_MO_UpdateData.par,FUNC,0x08000DC1,52.0,FLASH 1 (cached)
pcStateNames,OBJECT,0x0800C4B8,52.0,FLASH 1 (cached)
_GLOBAL__sub_I_logger,FUNC,0x0800B48D,52.0,FLASH 1 (cached)
vTaskPlaceOnEventList,FUNC,0x0800351D,52.0,FLASH 1 (cached)
XMC_VADC_GLOBAL_Init,FUNC,0x08001C35,52.0,FLASH 1 (cached)
VADC_get_group,FUNC,0x080094AD,52.0,FLASH 1 (cached)
CCU42_0_IRQHandler,FUNC,0x0800AC11,52.0,FLASH 1 (cached)
SPI_Master_slave_select,FUNC,0x0800A029,52.0,FLASH 1 (cached)
prvTCPCreateWindow,FUNC,0x08006DDD,50.0,FLASH 1 (cached)
XMC_ETH_MAC_EnableEvent,FUNC,0x0800166D,50.0,FLASH 1 (cached)
FreeRTOS_closesocket,FUNC,0x08005CA9,50.0,FLASH 1 (cached)
_ZN8Logger__lsEPFRS_S0_E,FUNC,0x0800B41D,50.0,FLASH 1 (cached)
vListInsert,FUNC,0x080021ED,50.0,FLASH 1 (cached)
FreeRTOS_SignalSocket,FUNC,0x08006BFD,50.0,FLASH 1 (cached)
XMC_CCU4_SLICE_CompareIni,FUNC,0x08001119,50.0,FLASH 1 (cached)
ethernet_mac_handle,OBJECT,0x20009F10,48.0,DSRAM 1 (system)
CAN0_4_IRQHandler,FUNC,0x0800B0F1,48.0,FLASH 1 (cached)
XMC_ETH_MAC_Init,FUNC,0x080015C5,48.0,FLASH 1 (cached)
_ZN8LedTask_6xvinitEv,FUNC,0x0800B305,48.0,FLASH 1 (cached)
CAN0_7_IRQHandler,FUNC,0x0800B191,48.0,FLASH 1 (cached)
CAN0_2_IRQHandler,FUNC,0x0800B081,48.0,FLASH 1 (cached)
XMC_USIC_CH_RXFIFO_Config,FUNC,0x08001B91,48.0,FLASH 1 (cached)
CAN0_5_IRQHandler,FUNC,0x0800B121,48.0,FLASH 1 (cached)
XMC_ETH_PHY_Reset,FUNC,0x08001749,46.0,FLASH 1 (cached)
prvTCPSendRepeated,FUNC,0x080075A1,44.0,FLASH 1 (cached)
_GLOBAL__sub_I_ext_flash,FUNC,0x0800B2C5,44.0,FLASH 1 (cached)
SysTick_Handler,FUNC,0x08004001,44.0,FLASH 1 (cached)
_ZN8Logger__lsEPKc,FUNC,0x0800B461,44.0,FLASH 1 (cached)
XMC_ETH_MAC_ReturnRxDescr,FUNC,0x080016E5,44.0,FLASH 1 (cached)
XMC_USIC_CH_TXFIFO_Config,FUNC,0x08001B65,44.0,FLASH 1 (cached)
vQueueAddToRegistry,FUNC,0x08002BC9,44.0,FLASH 1 (cached)
XMC_UART_CH_SetBaudrate,FUNC,0x080019D1,44.0,FLASH 1 (cached)
pxPortInitialiseStack,FUNC,0x08003EC1,44.0,FLASH 1 (cached)
vReturnEthernetFrame,FUNC,0x08005271,44.0,FLASH 1 (cached)
XMC_ETH_MAC_ClearEventSta,FUNC,0x080016A1,42.0,FLASH 1 (cached)
FreeRTOS_tx_space,FUNC,0x08006901,42.0,FLASH 1 (cached)
XMC_ETH_MAC_GetRxFrameSiz,FUNC,0x08001505,42.0,FLASH 1 (cached)
CSWTCH.36,OBJECT,0x0800C27C,40.0,FLASH 1 (cached)
CSWTCH.37,OBJECT,0x0800C2A4,40.0,FLASH 1 (cached)
CSWTCH.42,OBJECT,0x0800C2CC,40.0,FLASH 1 (cached)
CSWTCH.43,OBJECT,0x0800C2F4,40.0,FLASH 1 (cached)
prvCopyDataFromQueue,FUNC,0x080022BD,40.0,FLASH 1 (cached)
_ZL16sg_dac_gpio_pins,OBJECT,0x0800C5EC,40.0,FLASH 1 (cached)
_ZL27sg_external_flash_gp,OBJECT,0x0800C614,40.0,FLASH 1 (cached)
pxUDPSocketLookup,FUNC,0x08005FFD,40.0,FLASH 1 (cached)
vPortExitCritical,FUNC,0x08003F65,40.0,FLASH 1 (cached)
CAN1_Node_Configuration,OBJECT,0x2000A400,40.0,DSRAM 1 (system)
uxListRemove,FUNC,0x08002221,40.0,FLASH 1 (cached)
memcmp,FUNC,0x0800A539,40.0,FLASH 1 (cached)
CAN2_Node_Configuration,OBJECT,0x2000A3C8,40.0,DSRAM 1 (system)
xDefaultPartARPPacketHead,OBJECT,0x0800C344,38.0,FLASH 1 (cached)
XMC_ETH_PHY_GetLinkSpeed,FUNC,0x08001825,38.0,FLASH 1 (cached)
XMC_SPI_CH_SetBaudrate,FUNC,0x080018DD,38.0,FLASH 1 (cached)
SPI_Master_set_data_size,FUNC,0x0800A09D,38.0,FLASH 1 (cached)
uxQueueMessagesWaiting,FUNC,0x08002B55,38.0,FLASH 1 (cached)
CCU8_module_init,FUNC,0x0800A985,38.0,FLASH 1 (cached)
xDHCPData,OBJECT,0x2000921C,36.0,DSRAM 1 (system)
FreeRTOS_OutputARPRequest,FUNC,0x08004719,36.0,FLASH 1 (cached)
get_registers_from_stack,FUNC,0x0800B775,36.0,FLASH 1 (cached)
XMC_ETH_PHY_GetLinkDuplex,FUNC,0x0800184D,36.0,FLASH 1 (cached)
SVC_Handler,FUNC,0x08003EF1,36.0,FLASH 1 (cached)
SPI2_Channel0_API,OBJECT,0x2000A0EC,36.0,DSRAM 1 (system)
VADC_global_init,FUNC,0x08009489,36.0,FLASH 1 (cached)
xQueueCreateMutex,FUNC,0x08002621,36.0,FLASH 1 (cached)
prvPortStartFirstTask,FUNC,0x08003E85,34.0,FLASH 1 (cached)
XMC_UART_CH_Transmit,FUNC,0x080019FD,34.0,FLASH 1 (cached)
FreeRTOS_GetUDPPayloadBuf,FUNC,0x08004DE9,34.0,FLASH 1 (cached)
XMC_USIC_CH_RXFIFO_SetSiz,FUNC,0x08001BC1,34.0,FLASH 1 (cached)
XMC_CCU4_SLICE_CaptureIni,FUNC,0x0800114D,34.0,FLASH 1 (cached)
VADC_Group0_Scan_Configur,OBJECT,0x2000A00C,32.0,DSRAM 1 (system)
CCU80_Channel1_Configurat,OBJECT,0x2000A154,32.0,DSRAM 1 (system)
CCU80_Channel2_Configurat,OBJECT,0x2000A1CC,32.0,DSRAM 1 (system)
CCU80_Channel0_Configurat,OBJECT,0x2000A1EC,32.0,DSRAM 1 (system)
CAN1_MessageObject_Receiv,OBJECT,0x2000A348,32.0,DSRAM 1 (system)
CAN2_MessageObject_Receiv,OBJECT,0x2000A368,32.0,DSRAM 1 (system)
CAN1_MessageObject_Transm,OBJECT,0x2000A3A0,32.0,DSRAM 1 (system)
CAN2_MessageObject_Transm,OBJECT,0x2000A458,32.0,DSRAM 1 (system)
UART_Channel_0_Configurat,OBJECT,0x2000A02C,32.0,DSRAM 1 (system)
SPI2_Channel0_Configurati,OBJECT,0x2000A0C0,32.0,DSRAM 1 (system)
VADC_callback_handler,FUNC,0x0800B92D,32.0,FLASH 1 (cached)
vIPSetDnsTimerEnableState,FUNC,0x08005785,32.0,FLASH 1 (cached)
_sbrk_r,FUNC,0x0800C229,32.0,FLASH 1 (cached)
SPI_Master_set_speed,FUNC,0x0800A0C5,32.0,FLASH 1 (cached)
XMC_UART_CH_Stop,FUNC,0x08001A35,32.0,FLASH 1 (cached)
XMC_CAN_Enable,FUNC,0x08000EC1,32.0,FLASH 1 (cached)
VADC_Global_Configuration,OBJECT,0x20009F50,32.0,DSRAM 1 (system)
UART_Channel_2_Configurat,OBJECT,0x2000A080,32.0,DSRAM 1 (system)
vIPSetDHCPTimerEnableStat,FUNC,0x0800572D,32.0,FLASH 1 (cached)
xTaskGetSchedulerState,FUNC,0x080037FD,32.0,FLASH 1 (cached)
FreeRTOS_NetworkDown,FUNC,0x08005009,32.0,FLASH 1 (cached)
XMC_CAN_MO_Transmit,FUNC,0x08000FC9,32.0,FLASH 1 (cached)
prvTCPSendReset,FUNC,0x080070AD,30.0,FLASH 1 (cached)
spi_reconfigure_rx_fifo,FUNC,0x08009CB5,30.0,FLASH 1 (cached)
vListInsertEnd,FUNC,0x080021CD,30.0,FLASH 1 (cached)
XMC_VADC_GLOBAL_Backgroun,FUNC,0x08001CA5,30.0,FLASH 1 (cached)
memchr,FUNC,0x0800C089,30.0,FLASH 1 (cached)
XMC_GPIO_SetHardwareContr,FUNC,0x08001871,30.0,FLASH 1 (cached)
reconfigure_rx_fifo,FUNC,0x08009531,28.0,FLASH 1 (cached)
CCU40_Channel1_Configurat,OBJECT,0x2000A240,28.0,DSRAM 1 (system)
CCU40_Channel0_Configurat,OBJECT,0x2000A180,28.0,DSRAM 1 (system)
CCU42_Channel0_Configurat,OBJECT,0x2000A1A0,28.0,DSRAM 1 (system)
CCU40_Channel3_Configurat,OBJECT,0x2000A224,28.0,DSRAM 1 (system)
XMC_ETH_PHY_GetLinkStatus,FUNC,0x08001809,28.0,FLASH 1 (cached)
XMC_USIC_CH_RXFIFO_SetInt,FUNC,0x08001C19,28.0,FLASH 1 (cached)
ulApplicationGetNextSeque,FUNC,0x0800B9C1,28.0,FLASH 1 (cached)
XMC_CAN_AllocateMOtoNodeL,FUNC,0x08000E95,28.0,FLASH 1 (cached)
_ZN8LedTask_D0Ev,FUNC,0x0800B685,28.0,FLASH 1 (cached)
UART_Channel_2_Control,OBJECT,0x20009BB0,28.0,DSRAM 1 (system)
XMC_USIC_CH_TXFIFO_SetInt,FUNC,0x08001BFD,28.0,FLASH 1 (cached)
vNetworkSocketsInit,FUNC,0x080057F5,28.0,FLASH 1 (cached)
UART_Channel_0_Control,OBJECT,0x20009BCC,28.0,DSRAM 1 (system)
XMC_CCU4_SLICE_StartConfi,FUNC,0x08001171,28.0,FLASH 1 (cached)
uxRand,FUNC,0x0800B99D,28.0,FLASH 1 (cached)
__Xmc4500_reset_cortex_m,FUNC,0x08000201,28.0,FLASH 1 (cached)
XMC_CCU8_SLICE_StartConfi,FUNC,0x080012FD,28.0,FLASH 1 (cached)
UART_callback_handler,FUNC,0x0800B911,28.0,FLASH 1 (cached)
SPI2_Channel0_Control,OBJECT,0x20009EC8,28.0,DSRAM 1 (system)
HardFault_Handler,FUNC,0x0800B7B5,26.0,FLASH 1 (cached)
memcpy,FUNC,0x0800A561,26.0,FLASH 1 (cached)
UsageFault_Handler,FUNC,0x0800B7ED,26.0,FLASH 1 (cached)
xEventGroupCreate,FUNC,0x08001F59,26.0,FLASH 1 (cached)
XMC_UART_CH_DisableEvent,FUNC,0x08001A55,26.0,FLASH 1 (cached)
MemManage_Handler,FUNC,0x0800B7D1,26.0,FLASH 1 (cached)
BusFault_Handler,FUNC,0x0800B799,26.0,FLASH 1 (cached)
xSendEventToIPTask,FUNC,0x08005029,26.0,FLASH 1 (cached)
prvResetNextTaskUnblockTi,FUNC,0x08002CAD,24.0,FLASH 1 (cached)
ucDHCPRequestOptions.6128,OBJECT,0x0800C39C,24.0,FLASH 1 (cached)
XMC_SCU_RESET_DeassertPer,FUNC,0x08000D79,24.0,FLASH 1 (cached)
vTaskInternalSetTimeOutSt,FUNC,0x08003735,24.0,FLASH 1 (cached)
XMC_SCU_CLOCK_GetPeripher,FUNC,0x08000D91,24.0,FLASH 1 (cached)
xIsCallingFromIPTask,FUNC,0x08004DD1,24.0,FLASH 1 (cached)
XMC_CAN_NODE_EnableEvent,FUNC,0x08001021,24.0,FLASH 1 (cached)
_ZN8LedTask_D2Ev,FUNC,0x0800B66D,24.0,FLASH 1 (cached)
pvTaskIncrementMutexHeldC,FUNC,0x08003A35,24.0,FLASH 1 (cached)
XMC_USIC_CH_SetInterruptN,FUNC,0x08001BE5,24.0,FLASH 1 (cached)
XMC_ETH_MAC_GetEventStatu,FUNC,0x080016CD,24.0,FLASH 1 (cached)
xDefaultPartUDPPacketHead,OBJECT,0x20009EF8,24.0,DSRAM 1 (system)
_ZN8LedTask_D1Ev,FUNC,0x0800B66D,24.0,FLASH 1 (cached)
strlen,FUNC,0x0800A58D,24.0,FLASH 1 (cached)
XMC_SCU_RESET_AssertPerip,FUNC,0x08000D61,24.0,FLASH 1 (cached)
uxTaskResetEventItemValue,FUNC,0x08003A1D,24.0,FLASH 1 (cached)
vListInitialise,FUNC,0x080021AD,22.0,FLASH 1 (cached)
XMC_SPI_CH_Stop,FUNC,0x0800193D,22.0,FLASH 1 (cached)
xTCPWindowRxEmpty,FUNC,0x080085C1,22.0,FLASH 1 (cached)
XMC_SPI_CH_EnableEvent,FUNC,0x08001955,22.0,FLASH 1 (cached)
xTasksWaitingTermination,OBJECT,0x20000810,20.0,DSRAM 1 (system)
xSuspendedTaskList,OBJECT,0x20000824,20.0,DSRAM 1 (system)
xPendingReadyList,OBJECT,0x2000090C,20.0,DSRAM 1 (system)
xDelayedTaskList2,OBJECT,0x2000092C,20.0,DSRAM 1 (system)
xDelayedTaskList1,OBJECT,0x20000944,20.0,DSRAM 1 (system)
xActiveTimerList1,OBJECT,0x20000970,20.0,DSRAM 1 (system)
xActiveTimerList2,OBJECT,0x20000984,20.0,DSRAM 1 (system)
xCallbackList,OBJECT,0x20009240,20.0,DSRAM 1 (system)
xARPTimer,OBJECT,0x20009284,20.0,DSRAM 1 (system)
xDNSTimer,OBJECT,0x20009298,20.0,DSRAM 1 (system)
xDHCPTimer,OBJECT,0x200092B8,20.0,DSRAM 1 (system)
xTCPTimer,OBJECT,0x200092CC,20.0,DSRAM 1 (system)
xSegmentList,OBJECT,0x200092F4,20.0,DSRAM 1 (system)
xFreeBuffersList,OBJECT,0x20009B90,20.0,DSRAM 1 (system)
_malloc_usable_size_r,FUNC,0x0800C249,20.0,FLASH 1 (cached)
_ZTV8Logger__,OBJECT,0x0800C908,20.0,FLASH 1 (cached)
UART_Api_Functions,OBJECT,0x2000A06C,20.0,DSRAM 1 (system)
xIsDHCPSocket,FUNC,0x08004B25,20.0,FLASH 1 (cached)
FreeRTOS_GetTCPStateName,FUNC,0x08008349,20.0,FLASH 1 (cached)
xNetworkAddressing,OBJECT,0x2000926C,20.0,DSRAM 1 (system)
XMC_UART_CH_GetReceivedDa,FUNC,0x08001A21,20.0,FLASH 1 (cached)
xBoundTCPSocketsList,OBJECT,0x20009E90,20.0,DSRAM 1 (system)
xDefaultAddressing,OBJECT,0x20009254,20.0,DSRAM 1 (system)
ext_flash,OBJECT,0x20009C20,20.0,DSRAM 1 (system)
ulTCPWindowTxAck,FUNC,0x08008B11,20.0,FLASH 1 (cached)
xBoundUDPSocketsList,OBJECT,0x20009EA4,20.0,DSRAM 1 (system)
XMC_SPI_CH_GetReceivedDat,FUNC,0x08001929,20.0,FLASH 1 (cached)
XMC_SPI_CH_DisableSlaveSe,FUNC,0x08001915,18.0,FLASH 1 (cached)
ucDHCPDiscoverOptions.613,OBJECT,0x0800C36C,17.0,FLASH 1 (cached)
g_xmc_vadc_group_array,OBJECT,0x0800C31C,16.0,FLASH 1 (cached)
CCU80_Channel2_Compare_Co,OBJECT,0x2000A138,16.0,DSRAM 1 (system)
CCU80_Channel0_Compare_Co,OBJECT,0x2000A298,16.0,DSRAM 1 (system)
_GLOBAL__sub_D_ext_flash,FUNC,0x0800B2F1,16.0,FLASH 1 (cached)
VADC0_C0_0_IRQHandler,FUNC,0x08009521,16.0,FLASH 1 (cached)
CCU4_channel_timer_contro,FUNC,0x0800A975,16.0,FLASH 1 (cached)
VADC_Group0_Channels,OBJECT,0x20009EB8,16.0,DSRAM 1 (system)
vARPSendGratuitous,FUNC,0x080046AD,16.0,FLASH 1 (cached)
FreeRTOS_ClearARP,FUNC,0x080047A5,16.0,FLASH 1 (cached)
CAN2_Events,OBJECT,0x2000A390,16.0,DSRAM 1 (system)
XMC_SPI_CH_EnableSlaveSel,FUNC,0x08001905,16.0,FLASH 1 (cached)
pxUDPPayloadBuffer_to_Net,FUNC,0x08004E0D,16.0,FLASH 1 (cached)
vTaskSuspendAll,FUNC,0x080030CD,16.0,FLASH 1 (cached)
_ZTV15ExternalFlash__,OBJECT,0x0800C8C0,16.0,FLASH 1 (cached)
XMC_VADC_GROUP_SetPowerMo,FUNC,0x08001DA9,16.0,FLASH 1 (cached)
CCU8_channel_timer_contro,FUNC,0x0800AB29,16.0,FLASH 1 (cached)
memset,FUNC,0x0800A57D,16.0,FLASH 1 (cached)
XMC_CAN_Disable,FUNC,0x08000EB1,16.0,FLASH 1 (cached)
CAN1_Events,OBJECT,0x2000A430,16.0,DSRAM 1 (system)
_ZTV8LedTask_,OBJECT,0x0800C930,16.0,FLASH 1 (cached)
FreeRTOS_ReleaseUDPPayloa,FUNC,0x08004E1D,16.0,FLASH 1 (cached)
vPortEnableVFP,FUNC,0x08003EAD,14.0,FLASH 1 (cached)
XMC_CCU4_SetModuleClock,FUNC,0x08001109,14.0,FLASH 1 (cached)
_ZN8Logger__D0Ev,FUNC,0x0800B451,14.0,FLASH 1 (cached)
VADC_background_scan_star,FUNC,0x08009479,14.0,FLASH 1 (cached)
XMC_CAN_MO_UpdateData,FUNC,0x08000FB9,14.0,FLASH 1 (cached)
XMC_CCU8_SLICE_DeadTimeIn,FUNC,0x080013D9,14.0,FLASH 1 (cached)
XMC_CCU8_SetModuleClock,FUNC,0x080012B1,14.0,FLASH 1 (cached)
XMC_CCU4_SLICE_Capture1Co,FUNC,0x0800119D,14.0,FLASH 1 (cached)
XMC_CCU4_SLICE_Capture0Co,FUNC,0x0800118D,14.0,FLASH 1 (cached)
VADC_BackgroundScan_Group,OBJECT,0x20009F40,12.0,DSRAM 1 (system)
VADC_BackgroundScan,OBJECT,0x20009F80,12.0,DSRAM 1 (system)
VADC_Background_Scan_Conf,OBJECT,0x20009F70,12.0,DSRAM 1 (system)
CSWTCH.26,OBJECT,0x0800C894,12.0,FLASH 1 (cached)
CCU80_Channel0_DeadTime_C,OBJECT,0x2000A28C,12.0,DSRAM 1 (system)
CCU80_Channel2_DeadTime_C,OBJECT,0x2000A1BC,12.0,DSRAM 1 (system)
CAN_GlobalConfiguration,OBJECT,0x2000A338,12.0,DSRAM 1 (system)
CAN2_BitConfiguration,OBJECT,0x2000A320,12.0,DSRAM 1 (system)
CAN1_BitConfiguration,OBJECT,0x2000A32C,12.0,DSRAM 1 (system)
CCU42_Channel0_Handle,OBJECT,0x2000A280,12.0,DSRAM 1 (system)
CAN1,OBJECT,0x2000A440,12.0,DSRAM 1 (system)
_ZN15ExternalFlash__D2Ev,FUNC,0x0800B2AD,12.0,FLASH 1 (cached)
UART_Channel_2,OBJECT,0x2000A05C,12.0,DSRAM 1 (system)
__errno,FUNC,0x0800B9DD,12.0,FLASH 1 (cached)
CCU80_Channel1_Handle,OBJECT,0x2000A148,12.0,DSRAM 1 (system)
CCU40_Channel0_Handle,OBJECT,0x2000A174,12.0,DSRAM 1 (system)
XMC_SCU_CLOCK_EnableClock,FUNC,0x08000DA9,12.0,FLASH 1 (cached)
CCU40_Channel3_Handle,OBJECT,0x2000A2C4,12.0,DSRAM 1 (system)
uxGetNumberOfFreeNetworkB,FUNC,0x08009301,12.0,FLASH 1 (cached)
_ZN15ExternalFlash__D0Ev,FUNC,0x0800B2B9,12.0,FLASH 1 (cached)
xTaskGetTickCount,FUNC,0x080030DD,12.0,FLASH 1 (cached)
xTCPWindowTxDone,FUNC,0x08008989,12.0,FLASH 1 (cached)
UART_Channel_0,OBJECT,0x2000A04C,12.0,DSRAM 1 (system)
CAN2,OBJECT,0x2000A44C,12.0,DSRAM 1 (system)
CCU80_Channel0_Handle,OBJECT,0x2000A2B8,12.0,DSRAM 1 (system)
_ZN15ExternalFlash__D1Ev,FUNC,0x0800B2AD,12.0,FLASH 1 (cached)
uxGetMinimumFreeNetworkBu,FUNC,0x0800930D,12.0,FLASH 1 (cached)
vDNSInitialise,FUNC,0x08004D05,12.0,FLASH 1 (cached)
USIC2_2_IRQHandler,FUNC,0x0800A52D,12.0,FLASH 1 (cached)
CCU40_Channel1_Handle,OBJECT,0x2000A120,12.0,DSRAM 1 (system)
xTaskGetCurrentTaskHandle,FUNC,0x080037F1,12.0,FLASH 1 (cached)
FreeRTOS_IsNetworkUp,FUNC,0x080057B1,12.0,FLASH 1 (cached)
USIC2_0_IRQHandler,FUNC,0x0800A515,12.0,FLASH 1 (cached)
vTaskMissedYield,FUNC,0x080037E5,12.0,FLASH 1 (cached)
CCU80_Channel2_Handle,OBJECT,0x2000A26C,12.0,DSRAM 1 (system)
xIPIsNetworkTaskReady,FUNC,0x080057A5,12.0,FLASH 1 (cached)
USIC2_1_IRQHandler,FUNC,0x0800A521,12.0,FLASH 1 (cached)
USIC0_1_IRQHandler,FUNC,0x08009C99,12.0,FLASH 1 (cached)
XMC_SCU_CLOCK_DisableCloc,FUNC,0x08000DB5,12.0,FLASH 1 (cached)
USIC1_2_IRQHandler,FUNC,0x08009CA5,12.0,FLASH 1 (cached)
USIC0_2_IRQHandler,FUNC,0x08009C8D,12.0,FLASH 1 (cached)
SPI2_Channel0_Handle,OBJECT,0x2000A0AC,12.0,DSRAM 1 (system)
DebugMon_Handler_Veneer,FUNC,0x0800037B,10.0,FLASH 1 (cached)
_ZN12ServerTask__12server,FUNC,0x0800B6A1,10.0,FLASH 1 (cached)
XMC_CCU4_SLICE_GetCapture,FUNC,0x08001225,10.0,FLASH 1 (cached)
SCU_0_IRQHandler_Veneer,FUNC,0x0800039F,10.0,FLASH 1 (cached)
ERU0_1_IRQHandler_Veneer,FUNC,0x080003B7,10.0,FLASH 1 (cached)
ERU0_3_IRQHandler_Veneer,FUNC,0x080003CF,10.0,FLASH 1 (cached)
SysTick_Handler_Veneer,FUNC,0x08000393,10.0,FLASH 1 (cached)
BusFault_Handler_Veneer,FUNC,0x08000357,10.0,FLASH 1 (cached)
_ZN12ClientTask__12client,FUNC,0x0800B6AD,10.0,FLASH 1 (cached)
ERU0_0_IRQHandler_Veneer,FUNC,0x080003AB,10.0,FLASH 1 (cached)
NMI_Handler_Veneer,FUNC,0x08000333,10.0,FLASH 1 (cached)
SVC_Handler_Veneer,FUNC,0x0800036F,10.0,FLASH 1 (cached)
vReleaseNetworkBuffer,FUNC,0x08009201,10.0,FLASH 1 (cached)
_ZN12ServerTask__20server,FUNC,0x0800B661,10.0,FLASH 1 (cached)
XMC_CCU8_SLICE_SetTimerCo,FUNC,0x08001395,10.0,FLASH 1 (cached)
MemManage_Handler_Veneer,FUNC,0x0800034B,10.0,FLASH 1 (cached)
HardFault_Handler_Veneer,FUNC,0x0800033F,10.0,FLASH 1 (cached)
UsageFault_Handler_Veneer,FUNC,0x08000363,10.0,FLASH 1 (cached)
PendSV_Handler_Veneer,FUNC,0x08000387,10.0,FLASH 1 (cached)
ERU0_2_IRQHandler_Veneer,FUNC,0x080003C3,10.0,FLASH 1 (cached)
xStart,OBJECT,0x200009BC,8.0,DSRAM 1 (system)
xNetworkDownEvent.6878,OBJECT,0x0800C3B4,8.0,FLASH 1 (cached)
SPI2_Channel0_Transmit_In,OBJECT,0x2000A0A4,8.0,DSRAM 1 (system)
SPI2_Channel0_Protocol_In,OBJECT,0x2000A0B8,8.0,DSRAM 1 (system)
SPI2_Channel0_ChannelConf,OBJECT,0x2000A0E0,8.0,DSRAM 1 (system)
SPI2_Channel0_Receive_Int,OBJECT,0x2000A114,8.0,DSRAM 1 (system)
CCU40_Channel0_Capture_Co,OBJECT,0x2000A12C,8.0,DSRAM 1 (system)
CCU80_Channel0_Interrupt_,OBJECT,0x2000A2EC,8.0,DSRAM 1 (system)
CCU40_Channel0_Interrupt_,OBJECT,0x2000A2D0,8.0,DSRAM 1 (system)
CCU42_Channel0_Compare_Co,OBJECT,0x2000A260,8.0,DSRAM 1 (system)
CCU42_Channel0_Interrupt_,OBJECT,0x2000A2D8,8.0,DSRAM 1 (system)
CCU80_Channel2_Interrupt_,OBJECT,0x2000A304,8.0,DSRAM 1 (system)
CCU42_Configuration,OBJECT,0x2000A2A8,8.0,DSRAM 1 (system)
CCU40_Channel1_Interrupt_,OBJECT,0x2000A210,8.0,DSRAM 1 (system)
CCU40_Channel3_Compare_Co,OBJECT,0x2000A218,8.0,DSRAM 1 (system)
CCU40_Channel3_Interrupt_,OBJECT,0x2000A2E4,8.0,DSRAM 1 (system)
CCU40_Channel1_Capture_Co,OBJECT,0x2000A2FC,8.0,DSRAM 1 (system)
CCU40_Configuration,OBJECT,0x2000A2B0,8.0,DSRAM 1 (system)
CCU80_Configuration,OBJECT,0x2000A278,8.0,DSRAM 1 (system)
CCU80_1_IRQHandler_Veneer,FUNC,0x080005E3,8.0,FLASH 1 (cached)
LEDTS0_0_IRQHandler_Venee,FUNC,0x08000755,8.0,FLASH 1 (cached)
CCU42_3_IRQHandler_Veneer,FUNC,0x080005A7,8.0,FLASH 1 (cached)
DSD0_1_IRQHandler_Veneer,FUNC,0x080004DF,8.0,FLASH 1 (cached)
USB0_0_IRQHandler_Veneer,FUNC,0x0800077D,8.0,FLASH 1 (cached)
CCU43_3_IRQHandler_Veneer,FUNC,0x080005CF,8.0,FLASH 1 (cached)
gpio_init_c,FUNC,0x0800A649,8.0,FLASH 1 (cached)
FCE0_0_IRQHandler_Veneer,FUNC,0x0800075F,8.0,FLASH 1 (cached)
CCU41_2_IRQHandler_Veneer,FUNC,0x08000575,8.0,FLASH 1 (cached)
DAC0_0_IRQHandler_Veneer,FUNC,0x08000525,8.0,FLASH 1 (cached)
CAN2_Interrupt_Configurat,OBJECT,0x2000A3C0,8.0,DSRAM 1 (system)
CAN0_3_IRQHandler_Veneer,FUNC,0x0800066F,8.0,FLASH 1 (cached)
VADC0_G3_0_IRQHandler_Ven,FUNC,0x080004AD,8.0,FLASH 1 (cached)
DSD0_2_IRQHandler_Veneer,FUNC,0x080004E9,8.0,FLASH 1 (cached)
CCU41_0_IRQHandler_Veneer,FUNC,0x08000561,8.0,FLASH 1 (cached)
ERU1_1_IRQHandler_Veneer,FUNC,0x080003E5,8.0,FLASH 1 (cached)
CCU40_3_IRQHandler_Veneer,FUNC,0x08000557,8.0,FLASH 1 (cached)
USIC0_4_IRQHandler_Veneer,FUNC,0x080006C9,8.0,FLASH 1 (cached)
USIC2_4_IRQHandler_Veneer,FUNC,0x08000741,8.0,FLASH 1 (cached)
USIC1_0_IRQHandler_Veneer,FUNC,0x080006DD,8.0,FLASH 1 (cached)
CCU80_2_IRQHandler_Veneer,FUNC,0x080005ED,8.0,FLASH 1 (cached)
CCU81_1_IRQHandler_Veneer,FUNC,0x0800060B,8.0,FLASH 1 (cached)
CAN0_2_IRQHandler_Veneer,FUNC,0x08000665,8.0,FLASH 1 (cached)
USIC0_2_IRQHandler_Veneer,FUNC,0x080006B5,8.0,FLASH 1 (cached)
SDMMC0_0_IRQHandler_Venee,FUNC,0x08000773,8.0,FLASH 1 (cached)
VADC0_C0_2_IRQHandler_Ven,FUNC,0x08000421,8.0,FLASH 1 (cached)
POSIF0_1_IRQHandler_Venee,FUNC,0x08000633,8.0,FLASH 1 (cached)
CCU80_0_IRQHandler_Veneer,FUNC,0x080005D9,8.0,FLASH 1 (cached)
VADC0_G2_2_IRQHandler_Ven,FUNC,0x08000499,8.0,FLASH 1 (cached)
VADC0_G1_0_IRQHandler_Ven,FUNC,0x0800045D,8.0,FLASH 1 (cached)
CCU40_2_IRQHandler_Veneer,FUNC,0x0800054D,8.0,FLASH 1 (cached)
USIC1_1_IRQHandler_Veneer,FUNC,0x080006E7,8.0,FLASH 1 (cached)
DSD0_0_IRQHandler_Veneer,FUNC,0x080004D5,8.0,FLASH 1 (cached)
CCU43_0_IRQHandler_Veneer,FUNC,0x080005B1,8.0,FLASH 1 (cached)
CCU81_2_IRQHandler_Veneer,FUNC,0x08000615,8.0,FLASH 1 (cached)
CCU42_2_IRQHandler_Veneer,FUNC,0x0800059D,8.0,FLASH 1 (cached)
PMU0_0_IRQHandler_Veneer,FUNC,0x08000403,8.0,FLASH 1 (cached)
CAN1_Event_Interrupt_Conf,OBJECT,0x2000A388,8.0,DSRAM 1 (system)
VADC0_C0_3_IRQHandler_Ven,FUNC,0x0800042B,8.0,FLASH 1 (cached)
VADC0_G3_1_IRQHandler_Ven,FUNC,0x080004B7,8.0,FLASH 1 (cached)
USIC2_5_IRQHandler_Veneer,FUNC,0x0800074B,8.0,FLASH 1 (cached)
ERU1_0_IRQHandler_Veneer,FUNC,0x080003DB,8.0,FLASH 1 (cached)
VADC0_G1_1_IRQHandler_Ven,FUNC,0x08000467,8.0,FLASH 1 (cached)
VADC0_G0_0_IRQHandler_Ven,FUNC,0x08000435,8.0,FLASH 1 (cached)
CCU43_1_IRQHandler_Veneer,FUNC,0x080005BB,8.0,FLASH 1 (cached)
_ZN8LedTask_17xsvTaskEntr,FUNC,0x0800B411,8.0,FLASH 1 (cached)
DSD0_4_IRQHandler_Veneer,FUNC,0x080004FD,8.0,FLASH 1 (cached)
CCU42_0_IRQHandler_Veneer,FUNC,0x08000589,8.0,FLASH 1 (cached)
CCU80_3_IRQHandler_Veneer,FUNC,0x080005F7,8.0,FLASH 1 (cached)
CCU81_0_IRQHandler_Veneer,FUNC,0x08000601,8.0,FLASH 1 (cached)
POSIF0_0_IRQHandler_Venee,FUNC,0x08000629,8.0,FLASH 1 (cached)
CCU40_1_IRQHandler_Veneer,FUNC,0x08000543,8.0,FLASH 1 (cached)
VADC0_G0_3_IRQHandler_Ven,FUNC,0x08000453,8.0,FLASH 1 (cached)
USIC0_1_IRQHandler_Veneer,FUNC,0x080006AB,8.0,FLASH 1 (cached)
CCU81_3_IRQHandler_Veneer,FUNC,0x0800061F,8.0,FLASH 1 (cached)
VADC0_G0_2_IRQHandler_Ven,FUNC,0x08000449,8.0,FLASH 1 (cached)
USIC2_1_IRQHandler_Veneer,FUNC,0x08000723,8.0,FLASH 1 (cached)
VADC0_G1_3_IRQHandler_Ven,FUNC,0x0800047B,8.0,FLASH 1 (cached)
USIC1_4_IRQHandler_Veneer,FUNC,0x08000705,8.0,FLASH 1 (cached)
USIC0_3_IRQHandler_Veneer,FUNC,0x080006BF,8.0,FLASH 1 (cached)
USIC0_5_IRQHandler_Veneer,FUNC,0x080006D3,8.0,FLASH 1 (cached)
USIC2_2_IRQHandler_Veneer,FUNC,0x0800072D,8.0,FLASH 1 (cached)
USIC1_5_IRQHandler_Veneer,FUNC,0x0800070F,8.0,FLASH 1 (cached)
CCU43_2_IRQHandler_Veneer,FUNC,0x080005C5,8.0,FLASH 1 (cached)
VADC0_C0_1_IRQHandler_Ven,FUNC,0x08000417,8.0,FLASH 1 (cached)
VADC0_C0_0_IRQHandler_Ven,FUNC,0x0800040D,8.0,FLASH 1 (cached)
USIC1_2_IRQHandler_Veneer,FUNC,0x080006F1,8.0,FLASH 1 (cached)
CCU40_0_IRQHandler_Veneer,FUNC,0x08000539,8.0,FLASH 1 (cached)
POSIF1_0_IRQHandler_Venee,FUNC,0x0800063D,8.0,FLASH 1 (cached)
CCU41_1_IRQHandler_Veneer,FUNC,0x0800056B,8.0,FLASH 1 (cached)
USIC1_3_IRQHandler_Veneer,FUNC,0x080006FB,8.0,FLASH 1 (cached)
ERU1_2_IRQHandler_Veneer,FUNC,0x080003EF,8.0,FLASH 1 (cached)
ETH0_0_IRQHandler_Veneer,FUNC,0x08000787,8.0,FLASH 1 (cached)
CCU42_1_IRQHandler_Veneer,FUNC,0x08000593,8.0,FLASH 1 (cached)
VADC0_G3_3_IRQHandler_Ven,FUNC,0x080004CB,8.0,FLASH 1 (cached)
CAN0_5_IRQHandler_Veneer,FUNC,0x08000683,8.0,FLASH 1 (cached)
DSD0_7_IRQHandler_Veneer,FUNC,0x0800051B,8.0,FLASH 1 (cached)
DSD0_6_IRQHandler_Veneer,FUNC,0x08000511,8.0,FLASH 1 (cached)
CAN0_6_IRQHandler_Veneer,FUNC,0x0800068D,8.0,FLASH 1 (cached)
GPDMA1_0_IRQHandler_Venee,FUNC,0x08000791,8.0,FLASH 1 (cached)
GPDMA0_0_IRQHandler_Venee,FUNC,0x08000769,8.0,FLASH 1 (cached)
CAN_Global,OBJECT,0x2000A30C,8.0,DSRAM 1 (system)
CCU41_3_IRQHandler_Veneer,FUNC,0x0800057F,8.0,FLASH 1 (cached)
USIC0_0_IRQHandler_Veneer,FUNC,0x080006A1,8.0,FLASH 1 (cached)
CAN0_4_IRQHandler_Veneer,FUNC,0x08000679,8.0,FLASH 1 (cached)
VADC0_G0_1_IRQHandler_Ven,FUNC,0x0800043F,8.0,FLASH 1 (cached)
DSD0_5_IRQHandler_Veneer,FUNC,0x08000507,8.0,FLASH 1 (cached)
CAN2_MO_Interrupt_Configu,OBJECT,0x2000A318,8.0,DSRAM 1 (system)
CAN0_1_IRQHandler_Veneer,FUNC,0x0800065B,8.0,FLASH 1 (cached)
VADC0_G2_3_IRQHandler_Ven,FUNC,0x080004A3,8.0,FLASH 1 (cached)
DSD0_3_IRQHandler_Veneer,FUNC,0x080004F3,8.0,FLASH 1 (cached)
CAN0_7_IRQHandler_Veneer,FUNC,0x08000697,8.0,FLASH 1 (cached)
CAN1_Interrupt_Configurat,OBJECT,0x2000A3F8,8.0,DSRAM 1 (system)
DAC0_1_IRQHandler_Veneer,FUNC,0x0800052F,8.0,FLASH 1 (cached)
VADC0_G2_0_IRQHandler_Ven,FUNC,0x08000485,8.0,FLASH 1 (cached)
POSIF1_1_IRQHandler_Venee,FUNC,0x08000647,8.0,FLASH 1 (cached)
VADC0_G1_2_IRQHandler_Ven,FUNC,0x08000471,8.0,FLASH 1 (cached)
CAN1_MO_Interrupt_Configu,OBJECT,0x2000A3F0,8.0,DSRAM 1 (system)
ERU1_3_IRQHandler_Veneer,FUNC,0x080003F9,8.0,FLASH 1 (cached)
VADC0_G3_2_IRQHandler_Ven,FUNC,0x080004C1,8.0,FLASH 1 (cached)
CAN2_Event_Interrupt_Conf,OBJECT,0x2000A428,8.0,DSRAM 1 (system)
USIC2_0_IRQHandler_Veneer,FUNC,0x08000719,8.0,FLASH 1 (cached)
VADC0_G2_1_IRQHandler_Ven,FUNC,0x0800048F,8.0,FLASH 1 (cached)
CAN0_0_IRQHandler_Veneer,FUNC,0x08000651,8.0,FLASH 1 (cached)
USIC2_3_IRQHandler_Veneer,FUNC,0x08000737,8.0,FLASH 1 (cached)
_ZZ4mainE12ucMACAddress,OBJECT,0x2000A478,6.0,DSRAM 1 (system)
vLoggingPrintf,FUNC,0x0800B9B9,6.0,FLASH 1 (cached)
AllowPLLInitByStartup,FUNC,0x08000799,6.0,FLASH 1 (cached)
xBroadcastMACAddress,OBJECT,0x0800C3CC,6.0,FLASH 1 (cached)
vListInitialiseItem,FUNC,0x080021C5,6.0,FLASH 1 (cached)
heap_ptr.4335,OBJECT,0x20000800,4.0,DSRAM 1 (system)
xNumOfOverflows,OBJECT,0x20000804,4.0,DSRAM 1 (system)
pxDelayedTaskList,OBJECT,0x20000808,4.0,DSRAM 1 (system)
xSchedulerRunning,OBJECT,0x2000080C,4.0,DSRAM 1 (system)
xPendedTicks,OBJECT,0x20000838,4.0,DSRAM 1 (system)
uxSchedulerSuspended,OBJECT,0x20000904,4.0,DSRAM 1 (system)
xIdleTaskHandle,OBJECT,0x20000920,4.0,DSRAM 1 (system)
xTickCount,OBJECT,0x20000924,4.0,DSRAM 1 (system)
xNextTaskUnblockTime,OBJECT,0x20000928,4.0,DSRAM 1 (system)
uxTaskNumber,OBJECT,0x20000940,4.0,DSRAM 1 (system)
uxDeletedTasksWaitingClea,OBJECT,0x20000958,4.0,DSRAM 1 (system)
pxOverflowDelayedTaskList,OBJECT,0x2000095C,4.0,DSRAM 1 (system)
uxCurrentNumberOfTasks,OBJECT,0x20000960,4.0,DSRAM 1 (system)
uxTopReadyPriority,OBJECT,0x20000964,4.0,DSRAM 1 (system)
xYieldPending,OBJECT,0x20000968,4.0,DSRAM 1 (system)
pxCurrentTimerList,OBJECT,0x2000096C,4.0,DSRAM 1 (system)
xLastTime.5379,OBJECT,0x20000998,4.0,DSRAM 1 (system)
xTimerQueue,OBJECT,0x2000099C,4.0,DSRAM 1 (system)
pxOverflowTimerList,OBJECT,0x200009A0,4.0,DSRAM 1 (system)
xTimerTaskHandle,OBJECT,0x200009A4,4.0,DSRAM 1 (system)
ulMaxPRIGROUPValue,OBJECT,0x200009AC,4.0,DSRAM 1 (system)
uxCriticalNesting,OBJECT,0x20009EF4,4.0,DSRAM 1 (system)
xNumberOfSuccessfulAlloca,OBJECT,0x200009B0,4.0,DSRAM 1 (system)
xFreeBytesRemaining,OBJECT,0x200009B4,4.0,DSRAM 1 (system)
pxEnd,OBJECT,0x200009B8,4.0,DSRAM 1 (system)
xNumberOfSuccessfulFrees,OBJECT,0x200009C4,4.0,DSRAM 1 (system)
xBlockAllocatedBit,OBJECT,0x200091C8,4.0,DSRAM 1 (system)
xMinimumEverFreeBytesRema,OBJECT,0x200091CC,4.0,DSRAM 1 (system)
xLastGratuitousARPTime,OBJECT,0x200091D0,4.0,DSRAM 1 (system)
xNetworkUp,OBJECT,0x20009280,4.0,DSRAM 1 (system)
xIPTaskInitialised,OBJECT,0x200092AC,4.0,DSRAM 1 (system)
xNetworkDownEventPending,OBJECT,0x200092B0,4.0,DSRAM 1 (system)
xCallEventHook.6964,OBJECT,0x200092E0,4.0,DSRAM 1 (system)
xIPTaskHandle,OBJECT,0x200092E4,4.0,DSRAM 1 (system)
xProcessedTCPMessage,OBJECT,0x200092E8,4.0,DSRAM 1 (system)
xLastTime.7082,OBJECT,0x200092EC,4.0,DSRAM 1 (system)
xTCPSegments,OBJECT,0x200092F0,4.0,DSRAM 1 (system)
port_control_l.10021,OBJECT,0x0800C5CC,4.0,FLASH 1 (cached)
xEMACTaskHandle,OBJECT,0x20009308,4.0,DSRAM 1 (system)
xEthRxEventMutex,OBJECT,0x2000930C,4.0,DSRAM 1 (system)
status_l.10043,OBJECT,0x20009310,4.0,DSRAM 1 (system)
xEthTxEventMutex,OBJECT,0x20009314,4.0,DSRAM 1 (system)
xEthRxEventSemaphore,OBJECT,0x20009318,4.0,DSRAM 1 (system)
xNetworkBufferSemaphore,OBJECT,0x20009B8C,4.0,DSRAM 1 (system)
uxMinimumFreeNetworkBuffe,OBJECT,0x20009BA4,4.0,DSRAM 1 (system)
VADC_Callbacks,OBJECT,0x20009F7C,4.0,DSRAM 1 (system)
VADC_Group0_Scan_Control,OBJECT,0x20009BAC,4.0,DSRAM 1 (system)
CCU40_Channel1_Event0_Con,OBJECT,0x2000A11C,4.0,DSRAM 1 (system)
CCU80_Channel2_Control,OBJECT,0x20009BE8,4.0,DSRAM 1 (system)
CCU40_Channel1_Control,OBJECT,0x20009BF4,4.0,DSRAM 1 (system)
CCU80_Channel0_Event_Conf,OBJECT,0x2000A134,4.0,DSRAM 1 (system)
CCU80_Channel1_Control,OBJECT,0x20009C04,4.0,DSRAM 1 (system)
CCU40_Channel0_Control,OBJECT,0x20009C08,4.0,DSRAM 1 (system)
CCU40_Channel0_Event0_Con,OBJECT,0x2000A2F4,4.0,DSRAM 1 (system)
CCU40_Channel0_Event1_Con,OBJECT,0x2000A19C,4.0,DSRAM 1 (system)
CCU80_Channel0_Control,OBJECT,0x20009BF8,4.0,DSRAM 1 (system)
CCU42_Channel0_Event_Conf,OBJECT,0x2000A2E0,4.0,DSRAM 1 (system)
CCU40_Channel3_Event_Conf,OBJECT,0x2000A1C8,4.0,DSRAM 1 (system)
CCU80_Channel2_Event_Conf,OBJECT,0x2000A268,4.0,DSRAM 1 (system)
CCU40_Channel1_Event1_Con,OBJECT,0x2000A220,4.0,DSRAM 1 (system)
CCU42_Channel0_Control,OBJECT,0x20009C14,4.0,DSRAM 1 (system)
CCU40_Channel3_Control,OBJECT,0x20009C18,4.0,DSRAM 1 (system)
CAN_GlobalControl,OBJECT,0x20009C1C,4.0,DSRAM 1 (system)
_GLOBAL__sub_D_logger,FUNC,0x0800B4C1,4.0,FLASH 1 (cached)
_ZZ4mainE18ucDNSServerAdd,OBJECT,0x0800C940,4.0,FLASH 1 (cached)
_ZZ4mainE16ucGatewayAddre,OBJECT,0x0800C944,4.0,FLASH 1 (cached)
_ZZ4mainE11ucIPAddress,OBJECT,0x0800C96C,4.0,FLASH 1 (cached)
_ZZ4mainE9ucNetMask,OBJECT,0x0800C970,4.0,FLASH 1 (cached)
ulNextRand,OBJECT,0x20009E44,4.0,DSRAM 1 (system)
SPI2_Channel0_Callback,OBJECT,0x2000A110,4.0,DSRAM 1 (system)
CAN1_Node_Control,OBJECT,0x20009EE4,4.0,DSRAM 1 (system)
xBufferAllocFixedSize,OBJECT,0x0800C5E8,4.0,FLASH 1 (cached)
UART_Channel_0_Callbacks,OBJECT,0x2000A058,4.0,DSRAM 1 (system)
pxCurrentTCB,OBJECT,0x20000908,4.0,DSRAM 1 (system)
errno,OBJECT,0x20009EEC,4.0,DSRAM 1 (system)
CAN1_Node_Callback,OBJECT,0x2000A344,4.0,DSRAM 1 (system)
SystemCoreClock,OBJECT,0x20009EF0,4.0,DSRAM 1 (system)
CAN2_Node_Callback,OBJECT,0x2000A314,4.0,DSRAM 1 (system)
CCU4_Module2,OBJECT,0x2000A20C,4.0,DSRAM 1 (system)
CCU42_Channel0_Callback,OBJECT,0x20009C00,4.0,DSRAM 1 (system)
CCU40_Channel3_Callback,OBJECT,0x20009C0C,4.0,DSRAM 1 (system)
SystemInit_DAVE4,FUNC,0x080002F1,4.0,FLASH 1 (cached)
_ZN8Logger__D1Ev,FUNC,0x0800B419,4.0,FLASH 1 (cached)
CCU40_Channel1_Callback,OBJECT,0x20009BEC,4.0,DSRAM 1 (system)
XMC_CCU8_SLICE_SetTimerPe,FUNC,0x08001391,4.0,FLASH 1 (cached)
_ZN8Logger__D2Ev,FUNC,0x0800B419,4.0,FLASH 1 (cached)
CCU80_Channel0_Callback,OBJECT,0x20009C10,4.0,DSRAM 1 (system)
CAN2_Node_Control,OBJECT,0x20009EE8,4.0,DSRAM 1 (system)
UART_Channel_2_Callbacks,OBJECT,0x2000A068,4.0,DSRAM 1 (system)
CCU40_Channel0_Callback,OBJECT,0x20009BFC,4.0,DSRAM 1 (system)
_impure_ptr,OBJECT,0x2000A4E0,4.0,DSRAM 1 (system)
xNetworkEventQueue,OBJECT,0x20009268,4.0,DSRAM 1 (system)
CCU80_Channel2_Callback,OBJECT,0x20009BF0,4.0,DSRAM 1 (system)
VADC_BackgroundScan_Handl,OBJECT,0x20009F4C,4.0,DSRAM 1 (system)
__malloc_sbrk_start,OBJECT,0x20009E48,4.0,DSRAM 1 (system)
__malloc_free_list,OBJECT,0x20009E4C,4.0,DSRAM 1 (system)
CCU8_Module0,OBJECT,0x2000A2F8,4.0,DSRAM 1 (system)
CCU4_Module0,OBJECT,0x2000A25C,4.0,DSRAM 1 (system)
data_dummy.7903,OBJECT,0x2000A0A0,2.0,DSRAM 1 (system)
SPI2_Channel0_FifoConfigu,OBJECT,0x2000A0E8,2.0,DSRAM 1 (system)
VADC0_C0_3_IRQHandler,FUNC,0x08000429,2.0,FLASH 1 (cached)
DSD0_7_IRQHandler,FUNC,0x08000519,2.0,FLASH 1 (cached)
DebugMon_Handler,FUNC,0x08000379,2.0,FLASH 1 (cached)
VADC0_G2_0_IRQHandler,FUNC,0x08000483,2.0,FLASH 1 (cached)
USIC0_5_IRQHandler,FUNC,0x080006D1,2.0,FLASH 1 (cached)
POSIF0_0_IRQHandler,FUNC,0x08000627,2.0,FLASH 1 (cached)
POSIF1_0_IRQHandler,FUNC,0x0800063B,2.0,FLASH 1 (cached)
usPacketIdentifier,OBJECT,0x200092B4,2.0,DSRAM 1 (system)
VADC0_G1_1_IRQHandler,FUNC,0x08000465,2.0,FLASH 1 (cached)
NMI_Handler,FUNC,0x08000331,2.0,FLASH 1 (cached)
USIC1_3_IRQHandler,FUNC,0x080006F9,2.0,FLASH 1 (cached)
CCU40_2_IRQHandler,FUNC,0x0800054B,2.0,FLASH 1 (cached)
SCU_0_IRQHandler,FUNC,0x0800039D,2.0,FLASH 1 (cached)
ERU0_0_IRQHandler,FUNC,0x080003A9,2.0,FLASH 1 (cached)
_ZN8Logger__4endlERS_,FUNC,0x0800B301,2.0,FLASH 1 (cached)
CCU41_0_IRQHandler,FUNC,0x0800055F,2.0,FLASH 1 (cached)
USIC1_5_IRQHandler,FUNC,0x0800070D,2.0,FLASH 1 (cached)
DSD0_4_IRQHandler,FUNC,0x080004FB,2.0,FLASH 1 (cached)
SPI_callback_handler,FUNC,0x0800B991,2.0,FLASH 1 (cached)
CCU80_1_IRQHandler,FUNC,0x080005E1,2.0,FLASH 1 (cached)
CCU81_0_IRQHandler,FUNC,0x080005FF,2.0,FLASH 1 (cached)
USIC0_0_IRQHandler,FUNC,0x0800069F,2.0,FLASH 1 (cached)
vApplicationPingReplyHook,FUNC,0x08009125,2.0,FLASH 1 (cached)
POSIF1_1_IRQHandler,FUNC,0x08000645,2.0,FLASH 1 (cached)
ERU0_2_IRQHandler,FUNC,0x080003C1,2.0,FLASH 1 (cached)
CCU81_1_IRQHandler,FUNC,0x08000609,2.0,FLASH 1 (cached)
ERU1_1_IRQHandler,FUNC,0x080003E3,2.0,FLASH 1 (cached)
VADC0_G2_3_IRQHandler,FUNC,0x080004A1,2.0,FLASH 1 (cached)
VADC0_G2_2_IRQHandler,FUNC,0x08000497,2.0,FLASH 1 (cached)
CCU42_3_IRQHandler,FUNC,0x080005A5,2.0,FLASH 1 (cached)
_init,FUNC,0x08001F55,2.0,FLASH 1 (cached)
ERU0_3_IRQHandler,FUNC,0x080003CD,2.0,FLASH 1 (cached)
DSD0_5_IRQHandler,FUNC,0x08000505,2.0,FLASH 1 (cached)
CCU43_0_IRQHandler,FUNC,0x080005AF,2.0,FLASH 1 (cached)
VADC0_G0_1_IRQHandler,FUNC,0x0800043D,2.0,FLASH 1 (cached)
CCU81_2_IRQHandler,FUNC,0x08000613,2.0,FLASH 1 (cached)
SPI_Master_abort,FUNC,0x0800A23D,2.0,FLASH 1 (cached)
vApplicationMallocFailedH,FUNC,0x0800B999,2.0,FLASH 1 (cached)
USIC2_4_IRQHandler,FUNC,0x0800073F,2.0,FLASH 1 (cached)
CCU81_3_IRQHandler,FUNC,0x0800061D,2.0,FLASH 1 (cached)
CCU42_1_IRQHandler,FUNC,0x08000591,2.0,FLASH 1 (cached)
USIC1_1_IRQHandler,FUNC,0x08009CB1,2.0,FLASH 1 (cached)
USIC2_5_IRQHandler,FUNC,0x08000749,2.0,FLASH 1 (cached)
CAN0_0_IRQHandler,FUNC,0x0800064F,2.0,FLASH 1 (cached)
ERU1_0_IRQHandler,FUNC,0x080003D9,2.0,FLASH 1 (cached)
CCU42_2_IRQHandler,FUNC,0x0800059B,2.0,FLASH 1 (cached)
USIC1_4_IRQHandler,FUNC,0x08000703,2.0,FLASH 1 (cached)
ERU1_3_IRQHandler,FUNC,0x080003F7,2.0,FLASH 1 (cached)
USIC1_0_IRQHandler,FUNC,0x080006DB,2.0,FLASH 1 (cached)
POSIF0_1_IRQHandler,FUNC,0x08000631,2.0,FLASH 1 (cached)
VADC0_G0_0_IRQHandler,FUNC,0x08000433,2.0,FLASH 1 (cached)
DSD0_2_IRQHandler,FUNC,0x080004E7,2.0,FLASH 1 (cached)
CCU80_3_IRQHandler,FUNC,0x080005F5,2.0,FLASH 1 (cached)
CCU41_3_IRQHandler,FUNC,0x0800057D,2.0,FLASH 1 (cached)
VADC0_G1_3_IRQHandler,FUNC,0x08000479,2.0,FLASH 1 (cached)
VADC0_G0_3_IRQHandler,FUNC,0x08000451,2.0,FLASH 1 (cached)
vApplicationStackOverflow,FUNC,0x0800B995,2.0,FLASH 1 (cached)
GPDMA0_0_IRQHandler,FUNC,0x08000767,2.0,FLASH 1 (cached)
PMU0_0_IRQHandler,FUNC,0x08000401,2.0,FLASH 1 (cached)
DSD0_1_IRQHandler,FUNC,0x080004DD,2.0,FLASH 1 (cached)
CCU41_2_IRQHandler,FUNC,0x08000573,2.0,FLASH 1 (cached)
VADC0_C0_1_IRQHandler,FUNC,0x08000415,2.0,FLASH 1 (cached)
CCU43_2_IRQHandler,FUNC,0x080005C3,2.0,FLASH 1 (cached)
VADC0_G3_1_IRQHandler,FUNC,0x080004B5,2.0,FLASH 1 (cached)
DAC0_0_IRQHandler,FUNC,0x0800A651,2.0,FLASH 1 (cached)
VADC0_G3_3_IRQHandler,FUNC,0x080004C9,2.0,FLASH 1 (cached)
ERU1_2_IRQHandler,FUNC,0x080003ED,2.0,FLASH 1 (cached)
CCU41_1_IRQHandler,FUNC,0x08000569,2.0,FLASH 1 (cached)
DSD0_6_IRQHandler,FUNC,0x0800050F,2.0,FLASH 1 (cached)
CCU43_1_IRQHandler,FUNC,0x080005B9,2.0,FLASH 1 (cached)
VADC0_G1_2_IRQHandler,FUNC,0x0800046F,2.0,FLASH 1 (cached)
USIC2_3_IRQHandler,FUNC,0x08000735,2.0,FLASH 1 (cached)
VADC0_G0_2_IRQHandler,FUNC,0x08000447,2.0,FLASH 1 (cached)
VADC0_G2_1_IRQHandler,FUNC,0x0800048D,2.0,FLASH 1 (cached)
USIC0_3_IRQHandler,FUNC,0x080006BD,2.0,FLASH 1 (cached)
DSD0_0_IRQHandler,FUNC,0x080004D3,2.0,FLASH 1 (cached)
VADC0_C0_2_IRQHandler,FUNC,0x0800041F,2.0,FLASH 1 (cached)
FCE0_0_IRQHandler,FUNC,0x0800075D,2.0,FLASH 1 (cached)
VADC0_G1_0_IRQHandler,FUNC,0x0800045B,2.0,FLASH 1 (cached)
USB0_0_IRQHandler,FUNC,0x0800077B,2.0,FLASH 1 (cached)
VADC0_G3_2_IRQHandler,FUNC,0x080004BF,2.0,FLASH 1 (cached)
LEDTS0_0_IRQHandler,FUNC,0x08000753,2.0,FLASH 1 (cached)
USIC0_4_IRQHandler,FUNC,0x080006C7,2.0,FLASH 1 (cached)
CCU43_3_IRQHandler,FUNC,0x080005CD,2.0,FLASH 1 (cached)
ERU0_1_IRQHandler,FUNC,0x080003B5,2.0,FLASH 1 (cached)
VADC0_G3_0_IRQHandler,FUNC,0x080004AB,2.0,FLASH 1 (cached)
DSD0_3_IRQHandler,FUNC,0x080004F1,2.0,FLASH 1 (cached)
SDMMC0_0_IRQHandler,FUNC,0x08000771,2.0,FLASH 1 (cached)
CAN0_1_IRQHandler,FUNC,0x08000659,2.0,FLASH 1 (cached)
DAC0_1_IRQHandler,FUNC,0x0800052D,2.0,FLASH 1 (cached)
GPDMA1_0_IRQHandler,FUNC,0x0800078F,2.0,FLASH 1 (cached)
ucMaxSysCallPriority,OBJECT,0x200009A8,1.0,DSRAM 1 (system)
xcount.8622,OBJECT,0x20009BA8,1.0,DSRAM 1 (system)
